kingdom,class,genus,species,common_name,full_species,gpt_wood_hab,woodland/tree associated,woodland specialist,scrub,Cavity associated,TOWs/ woodpasture/parkland,sex,max_movement ,mean_movement,mean_caled_via_F,median_movement,movement,emigrants_km,ad_survival,juv_survival,lar_survival,egg_Survival,clutches_py,clutch_size,sex_ratio,pop_dens_km2,sexual_maturityd,sources,comments,,,,,comments
animalia,mammalia,vulpes,vulpes,red_fox,vulpes vulpes, FALSE,1,0,,,,f,,38600,0,,,0.05508,0.5,0.12,,,1,4.59,0.5,0.1,321,"1,2,3",,,,,,* means mean was worked out with F
animalia,mammalia,vulpes,vulpes,red_fox,vulpes vulpes, FALSE,1,0,,,,m,153000,35000,0,19.67,,0.05508,0.5,0.12,,,1,4.59,0.5,0.1,321,"1,2,3",,,,,,
animalia,mammalia,vulpes,vulpes,red_fox,vulpes vulpes, FALSE,1,0,,,,m,,34200,0,,,0.05508,0.5,0.12,,,1,4.59,0.5,0.1,321,"1,2,3",,,,,,
animalia,mammalia,vulpes,vulpes,red_fox,vulpes vulpes, FALSE,1,0,,,,m,,31200,0,,,0.05508,0.5,0.12,,,1,4.59,0.5,0.1,321,"1,2,3",,,,,,
animalia,mammalia,vulpes,vulpes,red_fox,vulpes vulpes, FALSE,1,0,,,,m,210180,31000,0,22000,,0.05508,0.5,0.12,,,1,4.59,0.5,0.1,321,"1,2,3",,,,,,
animalia,mammalia,lepus,europaeus,european_hare,lepus europaeus, FALSE,0,0,,,,mf,8920,30000,0,1096,8920,19.321632,0.5,0.36,,,4.4,2.14,0.5,5.7,210,"1,6,8,9, 85",,,,,,
animalia,mammalia,vulpes,vulpes,red_fox,vulpes vulpes, FALSE,1,0,,,,m,,29800,0,,,0.05508,0.5,0.12,,,1,4.59,0.5,0.1,321,"1,2,3",,,,,,
animalia,mammalia,vulpes,vulpes,red_fox,vulpes vulpes, FALSE,1,0,,,,m,162865.6,29611.93,0,16254.37,,0.05508,0.5,0.12,,,1,4.59,0.5,0.1,321,"1,2,3",,,,,,
animalia,mammalia,vulpes,vulpes,red_fox,vulpes vulpes, FALSE,1,0,,,,f,,28600,0,,,0.05508,0.5,0.12,,,1,4.59,0.5,0.1,321,"1,2,3",,,,,,
animalia,aves,corvus,corax,Common raven,corvus corax, TRUE,0,0,,,,mf,,25835,0,,25835,3.636363636,0.45,0.5,,,1,4,0.5,2,1095,"23,52,53,56","mean is geometric, dispersal is natal",,,,,
animalia,mammalia,vulpes,vulpes,red_fox,vulpes vulpes, FALSE,1,0,,,,f,302000,25330,0,5670,,0.05508,0.5,0.12,,,1,4.59,0.5,0.1,321,"1,2,3",,,,,,
animalia,aves,streptopelia,decaocto ,Eurasian collared dove,streptopelia decaocto, FALSE,0,0,,,,mf,,25036,0,,25036,44.1025641,0.61,0.5,,,4,2,0.5,8.6,365,"23,52,53,56","mean is geometric, dispersal is natal",,,,,
animalia,mammalia,vulpes,vulpes,red_fox,vulpes vulpes, FALSE,1,0,,,,m,3400,24200,0,2300,,0.05508,0.5,0.12,,,1,4.59,0.5,0.1,321,"1,2,3",,,,,,
animalia,aves,ardea,cinerea,Grey heron,ardea cinerea, FALSE,0,0,,,,mf,,24078,0,,24078,7.826,0.7,0.39,,,1,4.3,0.5,2.8,730,"23,52,53,56","mean is geometric, dispersal is natal",,,,,
animalia,aves,falco,columbarius,Merlin,falco columbarius, FALSE,0,0,1,,,mf,,22245,0,,22245,0,0.5,0.5,,,1,4.5,0.5,,545,"23,52","mean is geometric, dispersal is natal",,,,,
animalia,aves,accipiter,gentilis,Northern goshawk,accipiter gentilis, TRUE,1,0,,,,mf,,18839,0,,18839,0,0.76,0.4,,,1,3.5,0.5,,636,"23,52,53","mean is geometric, dispersal is natal",,,,,
animalia,aves,sylvia,atricapilla,Eurasian blackcap,sylvia atricapilla, TRUE,1,1,,,,mf,,17539,0,,17539,7.658181818,0.45,0.36,,,2,4.5,0.5,2.6,365,"23,52,53,56","mean is geometric, dispersal is natal",,,,,
animalia,mammalia,vulpes,vulpes,red_fox,vulpes vulpes, FALSE,1,0,,,,m,,17400,0,,,0.05508,0.5,0.12,,,1,4.59,0.5,0.1,321,"1,2,3",,,,,,
animalia,mammalia,vulpes,vulpes,red_fox,vulpes vulpes, FALSE,1,0,,,,f,2200,17300,0,1700,,0.05508,0.5,0.12,,,1,4.59,0.5,0.1,321,"1,2,3",,,,,,
animalia,aves,sylvia,curruca,Lesser whitethroat,sylvia curruca, TRUE,0,0,1,,,mf,,16886,0,,16886,4.875,0.52,0.5,,,1.5,4.8,0.5,1.3,365,"23,52,55,56","mean is geometric, dispersal is natal",,,,,
animalia,aves,cygnus, olor ,Mute swan,cygnus olor, FALSE,0,0,,,,mf,,16772,0,,16772,170.2603846,0.87,0.41,,,1,5.9,0.5,18.3,1183,"23,52,53,56","mean is geometric, dispersal is natal",,,,,
animalia,aves,motacilla,cinerea,Grey wagtail,motacilla cinerea, FALSE,0,0,,,,mf,,15802,0,,15802,10.2227451,0.49,0.38,,,2,4.9,0.5,2.8,365,"23,52,53,55,56","mean is geometric, dispersal is natal",,,,,
animalia,aves,asio, otus,Long-eared owl,asio otus, TRUE,1,1,,,,mf,,15421,0,,15421,0,0.5,0.5,,,1,4.5,0.5,,365,"23,52","mean is geometric, dispersal is natal",,,,,
animalia,aves,ficedula,hypoleuca,European pied flycatcher,ficedula hypoleuca, TRUE,1,1,,,,mf,,14272,0,,14272,0,0.36,0.5,,,1,5.8,0.5,,365,"23,52,53","mean is geometric, dispersal is natal",,,,,
animalia,aves,falco, tinnunculus,Common kestrel,falco tinnunculus, FALSE,0,0,,,,mf,,14005,0,,14005,6.27804878,0.59,0.44,,,1,4.5,0.5,2.6,365,"23,52,53,56","mean is geometric, dispersal is natal",,,,,
animalia,aves,falco,peregrinus,Peregrine falcon,falco peregrinus, FALSE,0,0,,,,mf,,13497,0,,13497,0,0.5,0.4,,,1,3.5,0.5,,726,"23,52,53","mean is geometric, dispersal is natal",,,,,
animalia,mammalia,lutra,lutra,eurasian_otter,lutra lutra, FALSE,0,0,,,,m,17000,13000,0,13500,13000,1.343,0.5,0.79,,,1,2,0.5,0.85,700,"1,6,15",,,,,,
animalia,aves,buteo, buteo,Common buzzard,buteo buteo, TRUE,0,0,,,,mf,,12096,0,,12096,10.53157895,0.81,0.46,,,1,3,0.5,2.9,910,"23,52,53,56","mean is geometric, dispersal is natal",,,,,
animalia,aves,apus, apus,Common swift,apus apus, FALSE,0,0,,,,mf,,11466,0,,11466,19.71428571,0.79,0.5,,,1,2.3,0.5,7.2,728,"23,52,53,56","mean is geometric, dispersal is natal",,,,,
animalia,mammalia,vulpes,vulpes,red_fox,vulpes vulpes, FALSE,1,0,,,,f,,11100,0,,,0.05508,0.5,0.12,,,1,4.59,0.5,0.1,321,"1,2,3",,,,,,
animalia,mammalia,vulpes,vulpes,red_fox,vulpes vulpes, FALSE,1,0,,,,f,107830,10780,0,3060,,0.05508,0.5,0.12,,,1,4.59,0.5,0.1,321,"1,2,3",,,,,,
animalia,aves,circus, cyaneus,Hen harrier,circus cyaneus, FALSE,0,0,,,,mf,,10730,0,,10730,0,0.5,0.5,,,1,4.5,0.5,,584,"23,52","mean is geometric, dispersal is natal",,,,,
animalia,aves,larus, ridibundus ,Black-headed gull,larus ridibundus, FALSE,0,0,,,,mf,,10527,0,,10527,0,0.76,0.62,,,1,2.7,0.5,,728,"23,52,53","mean is geometric, dispersal is natal",,,,,
animalia,aves,tyto, alba,Western barn owl,tyto alba, TRUE,0,0,,,,mf,,10323,0,,10323,0,0.43,0.37,,,1.75,5.2,0.5,,365,"23,52,53","mean is geometric, dispersal is natal",,,,,
animalia,mammalia,nyctalus,leisleri,leisler's_bat,nyctalus leisleri, TRUE,1,1,,1,,mf,61600,10000,0,,10000,4.475,0.5,0.5,,,1,1.79,0.5,5,,"1,51",given same popultion density as common pipistrelle in speakman,,,,,
animalia,mammalia,vulpes,vulpes,red_fox,vulpes vulpes, FALSE,1,0,,,,f,83846.82,9977.933,0,3540.557,,0.05508,0.5,0.12,,,1,4.59,0.5,0.1,321,"1,2,3",,,,,,
animalia,mammalia,sus,scrofa,wild_boar,sus scrofa, FALSE,1,0,,,,f,32500,9447.7,1,,,10.7765388,0.5,0.449,,,1.5,4.52,0.5,3.54,350,"1,6",,,,,,
animalia,mammalia,vulpes,vulpes,red_fox,vulpes vulpes, FALSE,1,0,,,,f,,8400,0,,,0.05508,0.5,0.12,,,1,4.59,0.5,0.1,321,"1,2,3",,,,,,
animalia,mammalia,vulpes,vulpes,red_fox,vulpes vulpes, FALSE,1,0,,,,m,,7900,0,,,0.05508,0.5,0.12,,,1,4.59,0.5,0.1,321,"1,2,3",,,,,,
animalia,aves,accipiter,nisus,Eurasian sparrowhawk,accipiter nisus, TRUE,1,0,,,,mf,,6654,0,,6654,4.994285714,0.58,0.38,,,1,4.8,0.5,2.3,365,"23,52,53,56","mean is geometric, dispersal is natal",,,,,
animalia,aves,riparia,riparia,Sand martin,riparia riparia, FALSE,0,0,,,,mf,,6650,0,,6650,37.98173077,0.35,0.35,,,1.5,4.5,0.5,20.9,365,"23,52,53,56","mean is geometric, dispersal is natal",,,,,
animalia,insecta,lucanus,cervus,stag beetle,lucanus cervus, TRUE,1,1,,,,m,,6196,0,,6196,22.95,0.5,0.5,0.5,0.5,1,16,0.75,30.6,,"60,61,62",,,,,,
animalia,aves,anas,platyrhynchos,Mallard,anas platyrhynchos, FALSE,0,0,,,,mf,,6058,0,,6058,43.70904255,0.53,0.43,,,1,10.5,0.5,9.1,365,"23,52,53,56","mean is geometric, dispersal is natal",,,,,
animalia,aves,acrocephalus,schoenobaenus,Sedge warbler,acrocephalus schoenobaenus, FALSE,0,0,,,,mf,,6020,0,,6020,14.025,0.5,0.5,,,1.5,5.5,0.5,3.4,365,"23,52,56","mean is geometric, dispersal is natal",,,,,
animalia,aves,dendrocopos,major,Great spotted woodpecker,dendrocopos major, TRUE,1,1,,,,mf,,5875,0,,5875,7.98,0.5,0.5,,,1,5.7,0.5,2.8,365,"23,52,56","mean is geometric, dispersal is natal",,,,,
animalia,aves,acrocephalus,scirpaceus,Eurasian reed warbler,acrocephalus scirpaceus, FALSE,0,0,,,,mf,,5215,0,,5215,11.9925,0.5,0.5,,,1.5,3.9,0.5,4.1,365,"23,52,56","mean is geometric, dispersal is natal",,,,,
animalia,aves,motacilla,alba ,White wagtail,motacilla alba, FALSE,0,0,,,,mf,,5164,0,,5164,16.23125,0.5,0.5,,,1.75,5.3,0.5,3.5,365,"23,52,56","mean is geometric, dispersal is natal",,,,,
animalia,insecta,hesperia,comma,silver_spotted_skipper,hesperia comma, FALSE,0,1,,,,mf,9000,5000,0,,5000,4600,0.5,0.5,,,,,,,,"46,47",,,,,,
animalia,aves,motacilla,ava ,western yellow wagtail,motacilla ava, FALSE,0,0,,,,mf,,4948,0,,4948,8.775,0.5,0.5,,,1.25,5.2,0.5,2.7,365,"23,52,56","mean is geometric, dispersal is natal",,,,,
animalia,aves,fulica,atra ,Eurasian coot,fulica atra, FALSE,0,0,,,,mf,,4444,0,,4444,88.09090909,0.78,0.5,,,1.5,7.6,0.5,6.8,365,"23,52,53,56","mean is geometric, dispersal is natal",,,,,
animalia,mammalia,vulpes,vulpes,red_fox,vulpes vulpes, FALSE,1,0,,,,f,8046.72,4425.696,0,4425.696,,0.05508,0.5,0.12,,,1,4.59,0.5,0.1,321,"1,2,3",,,,,,
animalia,mammalia,meles,meles,eurasian_badger,meles meles, TRUE,1,0,,,,f,7800,4400,0,,4400,5.09418,0.5,0.65,,,1,3.11,0.5,2.52,420,"1,6,48",,,,,,
animalia,mammalia,meles,meles,eurasian_badger,meles meles, TRUE,1,0,,,,m,8300,4230,0,,,5.09418,0.5,0.65,,,1,3.11,0.5,2.52,420,"1,6,48",,,,,,
animalia,aves,phoenicurus,phoenicurus,Common redstart,phoenicurus phoenicurus, TRUE,1,1,,,,mf,,3879,0,,3879,11.5,0.38,0.5,,,2,6.2,0.5,2.3,365,"23,52,53,56","mean is geometric, dispersal is natal",,,,,
animalia,reptilia,coronella,austriaca,smooth_snake,coronella austriaca, FALSE,0,0,,,,mf,6600,3510.638298,0,,,528.3783784,0.63,0.5,,,1,8.5,0.5,92,1461,"22,23,25,26",,,,,,
animalia,reptilia,podarcis,muralis,common_wall_lizard,podarcis muralis, FALSE,0,0,,,,mf,1000,3510.6,1,,,7025.13,0.5,0.245,,,2,5.4,0.5,5310,1034,"22,23,29",,,,,,
animalia,aves,muscicapa,striata,Spotted flycatcher,muscicapa striata, TRUE,1,0,,,,mf,,3377,0,,3377,3.675,0.5,0.5,,,1.5,3.5,0.5,1.4,365,"23,52,56","mean is geometric, dispersal is natal",,,,,
animalia,aves,athene,noctua,Little owl,athene noctua, TRUE,1,0,,,,mf,,3267,0,,3267,3.771428571,0.65,0.3,,,1,4,0.5,2.2,365,"23,52,53,56","mean is geometric, dispersal is natal",,,,,
animalia,aves,corvus,corone,Carrion crow,corvus corone, TRUE,0,0,,,,mf,,3240,0,,3240,22.20810811,0.63,0.44,,,1,4.5,0.5,8.3,910,"23,52,53,56","mean is geometric, dispersal is natal",,,,,
animalia,aves,hirundo ,rustica,Barn swallow,hirundo rustica, FALSE,0,0,,,,mf,,3194,0,,3194,7.807868852,0.39,0.28,,,1.8,4.5,0.5,4.2,365,"23,52,53,56","mean is geometric, dispersal is natal",,,,,
animalia,aves,delichon, urbica,Common house martin,delichon urbica, FALSE,0,0,,,,mf,,3185,0,,3185,13.2,0.5,0.3,,,2,4,0.5,5.5,365,"23,52,53,56","mean is geometric, dispersal is natal",,,,,
animalia,aves,alcedo, atthis,Common kingfisher,alcedo atthis, FALSE,0,0,,,,mf,,3175,0,,3175,0,0.5,0.5,,,1.5,6.5,0.5,,365,"23,52","mean is geometric, dispersal is natal",,,,,
animalia,mammalia,vulpes,vulpes,red_fox,vulpes vulpes, FALSE,1,0,,,,f,,3100,0,,,0.05508,0.5,0.12,,,1,4.59,0.5,0.1,321,"1,2,3",,,,,,
animalia,aves,columba,oenas ,Stock dove,columba oenas, TRUE,1,0,,1,,mf,,3035,0,,3035,0,0.5,0.5,,,3.5,2.1,0.5,,365,"23,52","mean is geometric, dispersal is natal",,,,,
animalia,aves,sylvia,communis,Common whitethroat,sylvia communis, TRUE,0,0,1,,,mf,,2815,0,,2815,0,0.5,0.5,,,2,4.5,0.5,,365,"23,52","mean is geometric, dispersal is natal",,,,,
animalia,mammalia,vulpes,vulpes,red_fox,vulpes vulpes, FALSE,1,0,,,,m,,2800,0,,,0.05508,0.5,0.12,,,1,4.59,0.5,0.1,321,"1,2,3",,,,,,
animalia,mammalia,mustela,erminea,stoat,mustela erminea, TRUE,0,0,,,,m,5500,2730,0,1810,,1.69848,0.5,0.42,,,1,6.74,0.5,0.6,93,"1,6,10",,,,,,
animalia,aves,parus,ater,Coal tit,parus ater, TRUE,1,0,,,,mf,,2597,0,,2597,12.75,0.43,0.5,,,1,5.7,0.5,5.1,365,"23,52,53,56","mean is geometric, dispersal is natal",,,,,
animalia,amphibia,epidalea,calamita,natterjack_toad,epidalea calamita, FALSE,0,0,,,,mf,4411,2463,0,,4411,27073.332,0.5,0.22,0.27,0.5,1,4000,0.5,227.89,1460,"32, 36",,,,,,
animalia,aves,larus, fuscus,Lesser black-backed gull,larus fuscus, FALSE,0,0,,,,mf,,2384,0,,2384,0,0.5,0.5,,,1,2.7,0.5,,1460,"23,52,56","mean is geometric, dispersal is natal",,,,,
animalia,aves,oenanthe,oenanthe,Northern wheatear,oenanthe oenanthe, FALSE,0,0,,,,mf,,2353,0,,2353,18.15,0.5,0.5,,,2,5.5,0.5,3.3,365,"23,52,56","mean is geometric, dispersal is natal",,,,,
animalia,aves,columba,palumbus ,Common wood pigeon,columba palumbus, TRUE,1,0,,,,mf,,2277,0,,2277,40.66,0.61,0.52,,,1.5,1.9,0.5,21.4,365,"23,52,53,56","mean is geometric, dispersal is natal",,,,,
animalia,aves,aegithalos,caudatus,Long-tailed tit,aegithalos caudatus, TRUE,1,0,,,,mf,,2176,0,,2176,22.05,0.5,0.5,,,1,9,0.5,4.9,365,"23,52,56","mean is geometric, dispersal is natal",,,,,
animalia,aves,phylloscopus,trochilus,Willow warbler,phylloscopus trochilus, TRUE,1,1,,,,mf,,2172,0,,2172,18.135,0.5,0.5,,,1.5,6.2,0.5,3.9,365,"23,52,56","mean is geometric, dispersal is natal",,,,,
animalia,insecta,hammerschmidtia,ferruginea,the aspen hoverfly,hammerschmidtia ferruginea, TRUE,1,1,,,,m,5000,2166,0,,2166,,,,,,,,,,,64,,,,,,
animalia,insecta,hammerschmidtia,ferruginea,the aspen hoverfly,hammerschmidtia ferruginea, TRUE,1,1,,,,mf,3000,2166,0,,2166,,,,,,,,,,,64,,,,,,
animalia,aves,corvus,monedula,Western jackdaw,corvus monedula, TRUE,0,0,,,,mf,,2127,0,,2127,35.7,0.61,0.52,,,1,4.5,0.5,11.9,637,"23,52,53,56","mean is geometric, dispersal is natal",,,,,
animalia,aves,strix,aluco,Tawny owl,strix aluco, TRUE,1,1,,,,mf,,2121,0,,2121,4.195333333,0.4,0.56,,,1,3.1,0.5,2.9,365,"23,52,53,56","mean is geometric, dispersal is natal",,,,,
animalia,aves,picus,viridis,European green woodpecker,picus viridis, TRUE,1,1,,,,mf,,2049,0,,2049,8.845,0.5,0.5,,,1,6.1,0.5,2.9,365,"23,52,56","mean is geometric, dispersal is natal",,,,,
animalia,aves,emberiza,citrinella,Yellowhammer,emberiza citrinella, FALSE,0,0,1,,,mf,,2026,0,,2026,37.49318182,0.56,0.47,,,2.5,3.9,0.5,7.2,365,"23,52,54,55,56","mean is geometric, dispersal is natal",,,,,
animalia,aves,corvus,frugilegus,Rook,corvus frugilegus, TRUE,0,0,,,,mf,,1964,0,,1964,70.33333333,0.79,0.35,,,1,4,0.5,21.1,546,"23,52,53,56","mean is geometric, dispersal is natal",,,,,
animalia,aves,sitta,europaea,Eurasian nuthatch,sitta europaea, TRUE,1,1,,1,,mf,,1803,0,,1803,14.29545455,0.56,0.5,,,1,7.4,0.5,3.4,365,"23,52,53,56","mean is geometric, dispersal is natal",,,,,
animalia,mammalia,arvicola,amphibius ,water_vole,arvicola amphibius, FALSE,0,0,,,,mf,8000,1800,0,,1800,3.725425,0.5,0.1,,,1.9,2.53,0.5,7.75,56,"6,17,18",,,,,,
animalia,insecta,lucanus,cervus,stag beetle,lucanus cervus, TRUE,1,1,,,,f,,1719,0,,1719,22.95,0.5,0.5,0.5,0.5,1,16,0.75,30.6,,"60,61,62",,,,,,
animalia,aves,cinclus,cinclus,White-throated dipper,cinclus cinclus, FALSE,0,0,,,,mf,,1678,0,,1678,0,0.54,0.5,,,2,4.5,0.5,,365,"23,52,55","mean is geometric, dispersal is natal",,,,,
animalia,aves,carduelis,carduelis,European goldfinch,carduelis carduelis, FALSE,0,0,,,,mf,,1663,0,,1663,32.23684211,0.43,0.5,,,2.5,4.9,0.5,6,365,"23,52,53,56","mean is geometric, dispersal is natal",,,,,
animalia,aves,turdus,viscivorus,Mistle thrush,turdus viscivorus, TRUE,1,1,1,,,mf,,1490,0,,1490,10.53,0.52,0.36,,,2,3.9,0.5,3.6,365,"23,52,53,56","mean is geometric, dispersal is natal",,,,,
animalia,insecta,apis,mellifera,european honey bee,apis mellifera, FALSE,1,0,,,,mf,4500,1302.857143,0,,1302.857,15000,,,,,,,,,,66,this is swarm dispersal and read off graph,,,,,
animalia,aves,streptopelia,turtur,European turtle dove,streptopelia turtur, TRUE,1,0,,,,mf,,1300,0,,1300,4.25,0.5,0.5,,,2.5,2,0.5,1.7,365,"23,52,56","mean is geometric, dispersal is natal",,,,,
animalia,aves,troglodytes,troglodytes,Eurasian wren,troglodytes troglodytes, TRUE,1,0,,,,mf,,1170,0,,1170,64.68,0.5,0.5,,,1.5,5.6,0.5,15.4,365,"23,52,56","mean is geometric, dispersal is natal",,,,,
animalia,aves,sturnus,vulgaris,Common starling,sturnus vulgaris, FALSE,0,0,,,,mf,,1100,0,,1100,79.90566038,0.47,0.35,,,2,5,0.5,24.2,455,"23,52,53,56","mean is geometric, dispersal is natal",,,,,
animalia,mammalia,sciurus,carolinensis,grey_squirrel,sciurus carolinensis, TRUE,1,1,,,,m,3230,1100,0,,1100,1480.464,0.5,0.36,,,2,2.98,0.5,690,337,"1,11,12",,,,,,
animalia,mammalia,erinaceus,europaeus,hedgehog,erinaceus europaeus, TRUE,1,0,,,,f,3780,1098.8,1,,3780,308.1888,0.5,0.36,,,1.5,4.64,0.5,123,265,"1,6,21",,,,,,
animalia,aves,parus,montanus,Willow tit,parus montanus, TRUE,1,1,,,,mf,,1063,0,,1063,13.125,0.6,0.5,,,1,7.5,0.5,2.8,365,"23,52,53,56","mean is geometric, dispersal is natal",,,,,
animalia,aves,pica,pica,Eurasian magpie,pica pica, TRUE,0,0,,,,mf,,1033,0,,1033,12.87735849,0.47,0.35,,,1,6,0.5,6.5,637,"23,52,53,56","mean is geometric, dispersal is natal",,,,,
animalia,reptilia,Vipera,berus,adder,Vipera berus, FALSE,0,0,,,,mf,1900,1010.6,1,,,1093.68,0.5,0.21,,,1,10.5,0.4,620,1460,"22,23,30,31",,,,,,
animalia,aves,branta, canadensis,Canada goose,branta canadensis, FALSE,0,0,,,,mf,,969,0,,969,45.9,0.74,0.45,,,1,5.1,0.5,10.4,730,"23,52,53,56","mean is geometric, dispersal is natal",,,,,
animalia,aves,carduelis,chloris,European greenfinch,carduelis chloris, FALSE,1,0,,,,mf,,954,0,,954,60.025,0.5,0.5,,,2.5,4.9,0.5,9.8,365,"23,52,56","mean is geometric, dispersal is natal",,,,,
animalia,aves,emberiza,schoeniclus,Common reed bunting,emberiza schoeniclus, FALSE,0,0,,,,mf,,952,0,,952,25.1953125,0.52,0.5,,,2.5,4.5,0.5,4.3,365,"23,52,53,56","mean is geometric, dispersal is natal",,,,,
animalia,aves,pyrrhula,pyrrhula,Eurasian bullfinch,pyrrhula pyrrhula, TRUE,1,1,1,,,mf,,852,0,,852,10.01059322,0.41,0.5,,,1.5,4.5,0.5,3.5,365,"23,52,53,56","mean is geometric, dispersal is natal",,,,,
animalia,aves,parus,major,Great tit,parus major, TRUE,1,0,,,,mf,,797,0,,797,46.1175,0.52,0.39,,,1.5,8.6,0.5,8.8,365,"23,52,53,56","mean is geometric, dispersal is natal",,,,,
animalia,aves,parus,caeruleus,Eurasian blue tit,parus caeruleus, TRUE,1,0,,,,mf,,796,0,,796,42.3,0.48,0.26,,,1.5,8,0.5,14.1,365,"23,52,53,56","mean is geometric, dispersal is natal",,,,,
animalia,aves,fringilla,coelebs,Common chaffinch,fringilla coelebs, TRUE,1,0,,,,mf,,787,0,,787,46.56976744,0.57,0.5,,,1,4.5,0.5,17.8,365,"23,52,53,56","mean is geometric, dispersal is natal",,,,,
animalia,aves,passer,montanus,Eurasian tree sparrow,passer montanus, FALSE,1,0,,,,mf,,717,0,,717,32.21153846,0.35,0.5,,,2.5,5,0.5,6.7,341,"23,52,55,56","mean is geometric, dispersal is natal",,,,,
animalia,aves,garrulus,glandarius,Eurasian jay,garrulus glandarius, TRUE,1,1,,,,mf,,702,0,,702,8.5,0.5,0.5,,,1,5,0.5,3.4,365,"23,52,56","mean is geometric, dispersal is natal",,,,,
animalia,aves,carduelis,cannabina,Common linnet,carduelis cannabina, FALSE,0,0,,,,mf,,694,0,,694,43.17622951,0.39,0.5,,,2.5,4.9,0.5,8.6,365,"23,52,55,56","mean is geometric, dispersal is natal",,,,,
animalia,mammalia,muscardinus,avellanarius ,hazel_dormouse,muscardinus avellanarius, TRUE,1,0,1,,,f,840,598,0,625,598,354.75,0.4,0.3,,,1.5,4.3,0.5,220,346,"1,6,19,20",,,,,,
animalia,mammalia,lepus,europaeus,european_hare,lepus europaeus, FALSE,0,0,,,,m,,,,1523,0,19.321632,0.5,0.36,,,4.4,2.14,0.5,5.7,210,"1,6,8,9",,,,,,
animalia,aves,turdus,philomelos,Song thrush,turdus philomelos, TRUE,1,0,1,,,mf,,591,0,,591,0,0.6,0.47,,,2,4,0.5,,365,"23,52,53","mean is geometric, dispersal is natal",,,,,
animalia,mammalia,sorex ,araneus,common_shrew,sorex araneus, TRUE,0,0,,,,mf,2000,581.4,1,,,4723.2,0.5,0.2,,,2,6.56,0.5,1800,312,"1,6,13",,,,,,
animalia,aves,erithacus,rubecula,European robin,erithacus rubecula, TRUE,1,0,,,,mf,,571,0,,571,29.94193548,0.38,0.28,,,2,5.1,0.5,13,365,"23,52,53,56","mean is geometric, dispersal is natal",,,,,
animalia,aves,gallinula,chloropus,Common moorhen,gallinula chloropus, FALSE,0,0,,,,mf,,536,0,,536,25.9,0.5,0.5,,,2,7,0.5,3.7,365,"23,52,56","mean is geometric, dispersal is natal",,,,,
animalia,mammalia,mustela,erminea,stoat,mustela erminea, TRUE,0,0,,,,f,1000,510,0,490,510,1.69848,0.5,0.42,,,1,6.74,0.5,0.6,93,"1,6,10",,,,,,
animalia,insecta,melanargia,galathea,marbled white,melanargia galathea, FALSE,0,1,,,,mf,3000,500,0,,500,,,,,,,,,8700,,63,,,,,,
animalia,mammalia,mus,musculus,house_mouse,mus musculus, FALSE,0,0,,,,mf,1500,436,1,,,898.8050041,0.5,0.00729,,,4.5,5.5,0.5,4981.53,64,"1,6",,,,,,
animalia,aves,prunella,modularis,Dunnock,prunella modularis, TRUE,1,0,1,,,mf,,380,0,,380,0,0.5,0.5,,,2.5,4.9,0.5,,365,"23,52","mean is geometric, dispersal is natal",,,,,
animalia,mammalia,muscardinus,avellanarius ,hazel_dormouse,muscardinus avellanarius, TRUE,1,0,1,,,m,400,375,0,375,,354.75,0.4,0.3,,,1.5,4.3,0.5,220,346,"1,6,19,20",,,,,,
animalia,aves,alauda,arvensis,Eurasian skylark,alauda arvensis, FALSE,0,0,,,,mf,,302,0,,302,55.12121212,0.67,0.5,,,2,3.4,0.5,10.7,365,"23,52,53,56","mean is geometric, dispersal is natal",,,,,
animalia,aves,turdus,merula,Common blackbird,turdus merula, TRUE,1,0,,,,mf,,264,0,,264,144.8,0.57,0.43,,,4,4,0.5,18.1,365,"23,52,53,56","mean is geometric, dispersal is natal",,,,,
animalia,insecta,cerambyx,cerdo,great capricorn beetle,cerambyx cerdo, TRUE,1,1,,1,,f,1700,257.6,1,,1700,,,,,,,,,,,65,,,,,,
animalia,amphibia,triturus,cristatus,great_crested_newt,triturus cristatus, TRUE,0,0,,,,mf,1290,254,0,,1290,2792.96875,0.76,0.26,0.15,0.5,1,250,0.125,1100,974,"32,34,35",,,,,,
animalia,insecta,hamearis,lucina,duke_of_burgundy,hamearis lucina, FALSE,1,0,,,,f,4000,250,0,,250,974.55,0.5,0.5,0.73,0.5,1,3,0.1,8900,,"42,43,44,45",,,,,,
animalia,insecta,elater,ferrugineus,rusty click beetle,elater ferrugineus, TRUE,0,0,,,,mf,1600,242.4,1,214,1600,,,,,,,,,,,65,,,,,,
animalia,aves,passer,domesticus,House sparrow,passer domesticus, FALSE,0,0,,,,mf,,206,0,,206,192.5625,0.57,0.5,,,3.25,4.3,0.5,23.7,182,"23,52,53,56","mean is geometric, dispersal is natal",,,,,
animalia,insecta,thymelicus,sylvestris,small skipper,thymelicus sylvestris, FALSE,0,0,,,,mf,1000,200,0,,200,,,,,,,,,,,63,,,,,,
animalia,amphibia,rana,temporaria,common_frog,rana temporaria, FALSE,0,0,,,,mf,2214,184.4,1,,2214,6295.68,0.5,0.48,0.06,0.5,1,4000,0.25,218.6,1460,"32,37,38",The density here is breeding females per km2 as in Johansson,,,,,
animalia,amphibia,bufo,bufo,common_toad,bufo bufo, FALSE,0,0,,,,mf,4000,180,0,,4000,93637.5,0.6,0.1,,,1,1000,0.165,2270,1460,"32,33",,,,,,
animalia,reptilia,zootoca,vivipara,viviparous_lizard,zootoca vivipara, FALSE,0,0,,,,mf,300,161,0,,,4511.685,0.81,0.091,,,1,6,0.5,3140,1034,"22,23,27,28",,,,,,
animalia,mammalia,apodemus,sylvaticus ,wood_mouse,apodemus sylvaticus, TRUE,1,0,,,,m,450,130.8,1,,450,108.9618075,0.5,0.00729,,,3.75,5.11,0.5,780,57,"1,6,16",,,,,,
animalia,mammalia,myodes,glareolus ,bank_vole,myodes glareolus, TRUE,1,0,,,,mf,450,130.8,1,,,0,0.5,,,,3.5,4.31,0.5,3704.05,40,"1,6",,,,,,
animalia,insecta,chrysolina,graminis,tansy beetle,chrysolina graminis, FALSE,0,0,,,,mf,856,100,0,,100,,0.9,0.5,0.5,0.75,1,360,0.5,,,59,,,,,,
animalia,reptilia,anguis,fragilis,slow-worm,anguis fragilis, FALSE,0,0,,,,mf,130,68.8,0,,,539.595,0.5,0.5,,,0.7,9,0.5,171.3,1643,"22,23,24",,,,,,
animalia,mammalia,microtus,agrestis,field_vole,microtus agrestis, FALSE,0,0,,,,f,193,65.9,0,,58,394.66875,0.5,0.125,,,3.5,4.65,0.5,194,38,"1,6,7",,,,,,
animalia,mammalia,microtus,agrestis,field_vole,microtus agrestis, FALSE,0,0,,,,m,159,58,0,,,394.66875,0.5,0.125,,,3.5,4.65,0.5,194,38,"1,6,7",,,,,,
animalia,mammalia,microtus,arvalis,common_vole,microtus arvalis, FALSE,0,0,,,,f,,43,0,537,43,394.66875,0.5,0.125,,,3.5,4.65,0.5,194,40,"1,6",,,,,,
animalia,insecta,adalia,bipunctata,two-spot ladybird,adalia bipunctata, FALSE,0,0,,,,mf,400,26.5,0,,26.5,,,,0.8,0.2,1,537,0.5,,,"57,58",,,,,,
animalia,insecta,hylobius,abietis,the large pine weevil,hylobius abietis, TRUE,1,1,,,,mf,80000,,0,,80000,,,,,,,,,,,65,,,,,,
animalia,insecta,hylastes ,ater,black pine bark beetle,hylastes ater, TRUE,1,1,,,,mf,27600,,0,,27600,,,,,,,,,,,65,,,,,,
animalia,mammalia,lepus,europaeus,european_hare,lepus europaeus, FALSE,0,0,,,,mf,17353,,0,2057,17353,19.321632,0.5,0.36,,,4.4,2.14,0.5,5.7,210,"1,6,8,9",,,,,,
animalia,mammalia,arvicola,amphibius ,water_vole,arvicola amphibius, FALSE,0,0,,,,m,5200,,0,,5200,3.725425,0.5,0.1,,,1.9,2.53,0.5,7.75,56,"6,17,18",,,,,,
animalia,insecta,hylurgus,ligniperda,red-haired pine bark beetle,hylurgus ligniperda, TRUE,1,1,,,,mf,5000,,0,,5000,,,,,,,,,,,65,,,,,,
animalia,mammalia,lepus,europaeus,european_hare,lepus europaeus, FALSE,0,0,,,,m,,,0,3002,3002,19.321632,0.5,0.36,,,4.4,2.14,0.5,5.7,210,"1,6,8,9",,,,,,
animalia,mammalia,arvicola,amphibius ,water_vole,arvicola amphibius, FALSE,0,0,,,,mf,2600,,0,,2600,3.725425,0.5,0.1,,,1.9,2.53,0.5,7.75,56,"6,17,18",,,,,,
animalia,mammalia,lepus,europaeus,european_hare,lepus europaeus, FALSE,0,0,,,,f,,,0,2040,2040,19.321632,0.5,0.36,,,4.4,2.14,0.5,5.7,210,"1,6,8,9",,,,,,
animalia,mammalia,arvicola,amphibius ,water_vole,arvicola amphibius, FALSE,0,0,,,,f,,,0,,930,3.725425,0.5,0.1,,,1.9,2.53,0.5,7.75,56,"6,17,18",,,,,,
animalia,amphibia,lissotriton,vulgaris,smooth_newt,lissotriton vulgaris, TRUE,0,0,,,,mf,844,,0,,844,0,0.5,0.8,,,1,300,0.125,,1157,"32,",,,,,,
animalia,insecta,cerambyx,cerdo,great capricorn beetle,cerambyx cerdo, TRUE,1,1,,1,,m,800,,0,,800,,,,,,,,,,,65,,,,,,
animalia,insecta,nemobius,sylvestris,ground_cricket,nemobius sylvestris, TRUE,1,1,,,,m,60,,0,18.7,60,348480000,0.75,0.33,0.8,0.5,1,120,0.5,11000000,,"39,40,41",,,,,,
animalia,insecta,nemobius,sylvestris,ground_cricket,nemobius sylvestris, TRUE,1,1,,,,f,25,,0,18.7,25,348480000,0.75,0.33,0.8,0.5,1,120,0.5,11000000,,"39,40,41",,,,,,
animalia,mammalia,lepus,europaeus,european_hare,lepus europaeus, FALSE,0,0,,,,f,,,0,2743,,19.321632,0.5,0.36,,,4.4,2.14,0.5,5.7,210,"1,6,8,9",,,,,,
animalia,mammalia,lepus,europaeus,european_hare,lepus europaeus, FALSE,0,0,,,,mf,8500,,0,,,19.321632,0.5,0.36,,,4.4,2.14,0.5,5.7,210,"1,6,8,9",,,,,,
animalia,mammalia,lepus,europaeus,european_hare,lepus europaeus, FALSE,0,0,,,,mf,9000,,0,,,19.321632,0.5,0.36,,,4.4,2.14,0.5,5.7,210,"1,6,8,9",,,,,,
animalia,mammalia,lutra,lutra,eurasian_otter,lutra lutra, FALSE,0,0,,,,m,68000,,0,,,1.343,0.5,0.79,,,1,2,0.5,0.85,700,"1,6,15",,,,,,
animalia,mammalia,meles,meles,eurasian_badger,meles meles, TRUE,1,0,,,,m,,,0,400,,5.09418,0.5,0.65,,,1,3.11,0.5,2.52,420,"1,6,48",,,,,,
animalia,mammalia,meles,meles,eurasian_badger,meles meles, TRUE,1,0,,,,f,,,0,414,,5.09418,0.5,0.65,,,1,3.11,0.5,2.52,420,"1,6,48",,,,,,
animalia,mammalia,microtus,arvalis,common_vole,microtus arvalis, FALSE,0,0,,,,f,101.6,,0,,,394.66875,0.5,0.125,,,3.5,4.65,0.5,194,40,"1,3,4,5",,,,,,
animalia,mammalia,mus,musculus,house_mouse,mus musculus, FALSE,0,0,,,,m,112,,0,,,898.8050041,0.5,0.00729,,,4.5,5.5,0.5,4981.53,64,"1,6",,,,,,
animalia,mammalia,mus,musculus,house_mouse,mus musculus, FALSE,0,0,,,,f,85,,0,,,898.8050041,0.5,0.00729,,,4.5,5.5,0.5,4981.53,64,"1,6",,,,,,
animalia,mammalia,myotis,bechsteinii,bechstein's_bat,myotis bechsteinii, TRUE,1,1,,1,,f,10000,,0,,,0.035714286,0.3,0.5,,,1,1,0.5,0.1,,"1,49,50","couldn't find population density data, but they are rare in the uk so set to low. ",,,,,
animalia,mammalia,myotis,bechsteinii,bechstein's_bat,myotis bechsteinii, TRUE,1,1,,1,,f,30000,,0,,,0.035714286,0.3,0.5,,,1,1,0.5,0.1,,"1,49,50","couldn't find population density data, but they are rare in the uk so set to low. ",,,,,
animalia,mammalia,sciurus,carolinensis,grey_squirrel,sciurus carolinensis, TRUE,1,1,,,,mf,100000,,0,,,1480.464,0.5,0.36,,,2,2.98,0.5,690,337,"1,6,11",,,,,,
animalia,mammalia,sciurus,carolinensis,grey_squirrel,sciurus carolinensis, TRUE,1,1,,,,f,320,,0,,,1480.464,0.5,0.36,,,2,2.98,0.5,690,337,"1,11,12",,,,,,
animalia,mammalia,sorex ,araneus,common_shrew,sorex araneus, TRUE,0,0,,,,mf,869,,0,,,4723.2,0.5,0.2,,,2,6.56,0.5,1800,312,"1,13,14",,,,,,
animalia,mammalia,sus,scrofa,wild_boar,sus scrofa, FALSE,1,0,,,,m,59000,,0,,,10.7765388,0.5,0.449,,,1.5,4.52,0.5,3.54,350,"1,6",,,,,,
animalia,mammalia,vulpes,vulpes,red_fox,vulpes vulpes, FALSE,1,0,,,,f,140000,,0,,,0.05508,0.5,0.12,,,1,4.59,0.5,0.1,321,"1,2,3",,,,,,
animalia,mammalia,vulpes,vulpes,red_fox,vulpes vulpes, FALSE,1,0,,,,m,110000,,0,,,0.05508,0.5,0.12,,,1,4.59,0.5,0.1,321,"1,2,3",,,,,,
animalia,mammalia,vulpes,vulpes,red_fox,vulpes vulpes, FALSE,1,0,,,,m,27358.85,,0,,,0.05508,0.5,0.12,,,1,4.59,0.5,0.1,321,"1,2,3",,,,,,
animalia,mammalia,vulpes,vulpes,red_fox,vulpes vulpes, FALSE,1,0,,,,f,5200,,0,,,0.05508,0.5,0.12,,,1,4.59,0.5,0.1,321,"1,2,3",,,,,,
animalia,mammalia,vulpes,vulpes,red_fox,vulpes vulpes, FALSE,1,0,,,,f,24000,,0,,,0.05508,0.5,0.12,,,1,4.59,0.5,0.1,321,"1,2,3",,,,,,
animalia,mammalia,vulpes,vulpes,red_fox,vulpes vulpes, FALSE,1,0,,,,f,140000,,0,,,0.05508,0.5,0.12,,,1,4.59,0.5,0.1,321,"1,2,3",,,,,,
animalia,mammalia,vulpes,vulpes,red_fox,vulpes vulpes, FALSE,1,0,,,,f,67700,,0,,,0.05508,0.5,0.12,,,1,4.59,0.5,0.1,321,"1,2,3",,,,,,
animalia,mammalia,vulpes,vulpes,red_fox,vulpes vulpes, FALSE,1,0,,,,f,4000,,0,,,0.05508,0.5,0.12,,,1,4.59,0.5,0.1,321,"1,2,3",,,,,,
animalia,mammalia,vulpes,vulpes,red_fox,vulpes vulpes, FALSE,1,0,,,,f,85700,,0,,,0.05508,0.5,0.12,,,1,4.59,0.5,0.1,321,"1,2,3",,,,,,
animalia,mammalia,vulpes,vulpes,red_fox,vulpes vulpes, FALSE,1,0,,,,f,60800,,0,,,0.05508,0.5,0.12,,,1,4.59,0.5,0.1,321,"1,2,3",,,,,,
animalia,mammalia,vulpes,vulpes,red_fox,vulpes vulpes, FALSE,1,0,,,,f,50000,,0,,,0.05508,0.5,0.12,,,1,4.59,0.5,0.1,321,"1,2,3",,,,,,
animalia,mammalia,vulpes,vulpes,red_fox,vulpes vulpes, FALSE,1,0,,,,m,13700,,0,,,0.05508,0.5,0.12,,,1,4.59,0.5,0.1,321,"1,2,3",,,,,,
animalia,mammalia,vulpes,vulpes,red_fox,vulpes vulpes, FALSE,1,0,,,,m,19000,,0,,,0.05508,0.5,0.12,,,1,4.59,0.5,0.1,321,"1,2,3",,,,,,
animalia,mammalia,vulpes,vulpes,red_fox,vulpes vulpes, FALSE,1,0,,,,m,52000,,0,,,0.05508,0.5,0.12,,,1,4.59,0.5,0.1,321,"1,2,3",,,,,,
animalia,mammalia,vulpes,vulpes,red_fox,vulpes vulpes, FALSE,1,0,,,,m,110000,,0,,,0.05508,0.5,0.12,,,1,4.59,0.5,0.1,321,"1,2,3",,,,,,
animalia,mammalia,vulpes,vulpes,red_fox,vulpes vulpes, FALSE,1,0,,,,m,64900,,0,,,0.05508,0.5,0.12,,,1,4.59,0.5,0.1,321,"1,2,3",,,,,,
animalia,mammalia,vulpes,vulpes,red_fox,vulpes vulpes, FALSE,1,0,,,,m,86000,,0,,,0.05508,0.5,0.12,,,1,4.59,0.5,0.1,321,"1,2,3",,,,,,
animalia,mammalia,vulpes,vulpes,red_fox,vulpes vulpes, FALSE,1,0,,,,m,61400,,0,,,0.05508,0.5,0.12,,,1,4.59,0.5,0.1,321,"1,2,3",,,,,,
animalia,mammalia,vulpes,vulpes,red_fox,vulpes vulpes, FALSE,1,0,,,,m,89600,,0,,,0.05508,0.5,0.12,,,1,4.59,0.5,0.1,321,"1,2,3",,,,,,
animalia,mammalia,vulpes,vulpes,red_fox,vulpes vulpes, FALSE,1,0,,,,m,122000,,0,,,0.05508,0.5,0.12,,,1,4.59,0.5,0.1,321,"1,2,3",,,,,,
plantae,herb,Achillea, millefolium,yarrow,Achillea millefolium, FALSE,0,0,,,,,0.39,,0,,,,,,,,,,,,,67,,,,,,
plantae,herb,Achillea, ptarmica,sneezewort,Achillea ptarmica, FALSE,0,0,,0,,,0.68,,0,,,,,,,,,,,,,67,,,,,,
plantae,herb,Aegopodium, podagraria,ground elder,Aegopodium podagraria, FALSE,0,0,,0,,,1,,0,,,,,,,,,,,,,67,,,,,,
plantae,herb,Aethusa, cynapium,fool's parsley,Aethusa cynapium, FALSE,0,0,,0,,,2,,0,,,,,,,,,,,,,67,,,,,,
plantae,herb,Agrimonia, eupatoria,agrimony,Agrimonia eupatoria, FALSE,0,0,,0,,,932,,0,,,,,,,,,,,,,67,,,,,,
plantae,herb,Allium, oleraceum,field garlic,Allium oleraceum, FALSE,0,0,,0,,,0.28,,0,,,,,,,,,,,,,67,,,,,,
plantae,herb,Allium, ursinum,wild garlic,Allium ursinum, TRUE,1,1,,0,,,4.61,,0,,,,,,,,,,,,,67,,,,,,
plantae,herb,Angelica, sylvestris,wild angelica,Angelica sylvestris, FALSE,1,0,,0,,,3.8,,0,,,,,,,,,,,,,67,,,,,,
plantae,herb,Anthriscus, sylvestris,cow parsley,Anthriscus sylvestris, FALSE,0,0,,0,,,120,,0,,,,,,,,,,,,,67,,,,,,
plantae,herb,Arabidopsis, thaliana,thale cress,Arabidopsis thaliana, FALSE,0,0,,0,,,0.25,,0,,,,,,,,,,,,,67,,,,,,
plantae,herb,Armeria, maritima,thrift,Armeria maritima, FALSE,0,0,,0,,,0.28,,0,,,,,,,,,,,,,67,,,,,,
plantae,herb,Arnica, montana,wolf's bane,Arnica montana, FALSE,0,0,,0,,,0.93,,0,,,,,,,,,,,,,67,,,,,,
plantae,herb,Artemisia, vulgaris,common mugwort,Artemisia vulgaris, FALSE,0,0,,0,,,2.43,,0,,,,,,,,,,,,,67,,,,,,
plantae,herb,Asclepias, syriaca,common milkweed,Asclepias syriaca, FALSE,0,0,,0,,,150,,0,,,,,,,,,,,,,67,,,,,,
plantae,herb,Asclepias,syriaca,common milkweed,Asclepias syriaca, FALSE,0,0,,0,,,45.5,,0,,,34047.5662,,,,,,,,,,68,,,,,,
plantae,herb,Barbarea, vulgaris,bittercress,Barbarea vulgaris, FALSE,0,0,,0,,,0.28,,0,,,,,,,,,,,,,67,,,,,,
plantae,herb,Bellis, perennis,common daisy,Bellis perennis, FALSE,0,0,,0,,,0.09,,0,,,,,,,,,,,,,67,,,,,,
plantae,herb,Brassica, napus,oilseed rape,Brassica napus, FALSE,0,0,,0,,,400,,0,,,,,,,,,,,,,67,,,,,,
plantae,herb,Brassica, nigra,black mustard,Brassica nigra, FALSE,0,0,,0,,,0.36,,0,,,,,,,,,,,,,67,,,,,,
plantae,herb,Brassica, oleracea,wild cabbage,Brassica oleracea, FALSE,0,0,,0,,,0.21,,0,,,,,,,,,,,,,67,,,,,,
plantae,herb,Calluna, vulgaris,common heather,Calluna vulgaris, TRUE,0,0,,0,,,80,,0,,,71199,,,,,,,,,,"67,68",,,,,,
plantae,herb,Campanula, rotundifolia,harebell,Campanula rotundifolia, FALSE,0,0,,0,,,0.35,,0,,,,,,,,,,,,,67,,,,,,
plantae,herb,Capsella, bursa-pastoris,shepherd's purse,Capsella bursa-pastoris, FALSE,0,0,,0,,,35,,0,,,,,,,,,,,,,67,,,,,,
plantae,herb,Cardamine, hirsuta,hairy bittercress,Cardamine hirsuta, FALSE,0,0,,0,,,0.9,,0,,,,,,,,,,,,,67,,,,,,
plantae,herb,Cardamine, impatiens ,narrowleaf bittercress,Cardamine impatiens, FALSE,0,0,,0,,,2,,0,,,,,,,,,,,,,67,,,,,,
plantae,herb,Cardamine, pratensis ,cuckooflower,Cardamine pratensis, FALSE,0,0,,0,,,2.4,,0,,,,,,,,,,,,,67,,,,,,
plantae,herb,Carduus, acanthoides,welted thistle,Carduus acanthoides, FALSE,0,0,,0,,,14.36,,0,,,,,,,,,,,,,67,,,,,,
plantae,herb,Carduus, tenuiflorus,sheep thistle,Carduus tenuiflorus, FALSE,0,0,,0,,,2.12,,0,,,,,,,,,,,,,67,,,,,,
plantae,herb,Centaurea, cyanus,cornflower,Centaurea cyanus, FALSE,0,0,,0,,,0.16,,0,,,,,,,,,,,,,67,,,,,,
plantae,herb,Centaurea, jacea,brown knapweed,Centaurea jacea, FALSE,0,0,,0,,,0.73,,0,,,,,,,,,,,,,67,,,,,,
plantae,herb,Centaurea, scabiosa,greater knapweed,Centaurea scabiosa, FALSE,0,0,,0,,,1.95,,0,,,,,,,,,,,,,67,,,,,,
plantae,herb,Centaurium, pulchellum,lesser gentian,Centaurium pulchellum, FALSE,0,0,,0,,,0.15,,0,,,,,,,,,,,,,67,,,,,,
plantae,herb,Cephalanthera, damasonium,white helleborine,Cephalanthera damasonium, TRUE,1,1,,0,,,14.67,,0,,,,,,,,,,,,,67,,,,,,
plantae,herb,Cerastium, arvense,field chickweed,Cerastium arvense, FALSE,0,0,,0,,,1,,0,,,,,,,,,,,,,67,,,,,,
plantae,herb,Cerastium, fontanum,mouse-ear chickweed,Cerastium fontanum, FALSE,0,0,,0,,,0.16,,0,,,,,,,,,,,,,67,,,,,,
plantae,herb,chaenorhinum,minus,small toadflax,chaenorhinum minus, FALSE,0,0,,0,,,138,,0,,,1555.5627,,,,,,,,,,68,,,,,,
plantae,herb,Chelidonium, majus,greater celandine,Chelidonium majus, FALSE,1,0,,0,,,80,,0,,,,,,,,,,,,,67,,,,,,
plantae,herb,Cichorium, intybus,common chicory,Cichorium intybus, FALSE,0,0,,0,,,0.96,,0,,,,,,,,,,,,,67,,,,,,
plantae,herb,Cirsium, arvense,creeping thistle,Cirsium arvense, FALSE,0,0,,0,,,53.37,,0,,,,,,,,,,,,,67,,,,,,
plantae,herb,Cirsium, dissectum,meadow thistle,Cirsium dissectum, FALSE,0,0,,0,,,9.25,,0,,,,,,,,,,,,,67,,,,,,
plantae,herb,Cirsium, palustre,marsh thistle,Cirsium palustre, FALSE,0,0,,0,,,23.49,,0,,,,,,,,,,,,,67,,,,,,
plantae,herb,Cirsium, vulgare,spear thistle,Cirsium vulgare, FALSE,0,0,,0,,,900,,0,,,,,,,,,,,,,67,,,,,,
plantae,herb,Clematis, vitalba,old man's beard,Clematis vitalba, TRUE,0,0,,0,,,100.09,,0,,,,,,,,,,,,,67,,,,,,
plantae,herb,Conium, maculatum,hemlock,Conium maculatum, FALSE,0,0,,0,,,0.7,,0,,,,,,,,,,,,,67,,,,,,
plantae,herb,Daucus, carota,wild carrot,Daucus carota, FALSE,0,0,,0,,,17,,0,,,,,,,,,,,,,67,,,,,,
plantae,herb,Digitalis, purpurea,foxglove,Digitalis purpurea, TRUE,1,0,,0,,,1.15,,0,,,,,,,,,,,,,67,,,,,,
plantae,herb,Dipsacus, fullonum,teasel,Dipsacus fullonum, FALSE,0,0,,0,,,1.5,,0,,,,,,,,,,,,,67,,,,,,
plantae,herb,Drosera, rotundifolia,common sundew,Drosera rotundifolia, FALSE,0,0,,0,,,0.62,,0,,,,,,,,,,,,,67,,,,,,
plantae,herb,Epilobium, hirsutum,great willowherb,Epilobium hirsutum, FALSE,0,0,,0,,,3800,,0,,,,,,,,,,,,,67,,,,,,
plantae,herb,Epilobium, montanum,broad-leaved willowherb,Epilobium montanum, FALSE,0,0,,0,,,49.64,,0,,,,,,,,,,,,,67,,,,,,
plantae,herb,Epilobium, palustre,marsh willowherb,Epilobium palustre, FALSE,0,0,,0,,,7300,,0,,,,,,,,,,,,,67,,,,,,
plantae,herb,Epilobium, parviflorum,hoary willowherb,Epilobium parviflorum, FALSE,0,0,,0,,,69.09,,0,,,,,,,,,,,,,67,,,,,,
plantae,herb,erica,cinerea,bell heather,erica cinerea, TRUE,0,0,,0,,,80,,0,,,16308.5,,,,,,,,,,68,,,,,,
plantae,herb,Euphorbia, esula,green spurge,Euphorbia esula, FALSE,0,0,,0,,,25,,0,,,,,,,,,,,,,67,,,,,,
plantae,herb,gentianella,germanica,chiltern gentian,gentianella germanica, FALSE,0,0,,0,,,0.81,,0,,,2511.5516,,,,,,,,,,68,,,,,,
plantae,herb,Geranium, molle,doves-foot crane's-bill,Geranium molle, FALSE,0,0,,0,,,6.2,,0,,,,,,,,,,,,,67,,,,,,
plantae,herb,Geranium, robertianum,herb robert,Geranium robertianum, FALSE,1,0,,0,,,1.6,,0,,,,,,,,,,,,,67,,,,,,
plantae,herb,geranium,molle,dove's-foot Crane's-bill,geranium molle, FALSE,0,0,,0,,,2.8,,0,,,24.14,,,,,,,,,,68,,,,,,
plantae,herb,Helminthotheca, echioides,bristly oxtongue,Helminthotheca echioides, FALSE,0,0,,0,,,1.47,,0,,,,,,,,,,,,,67,,,,,,
plantae,herb,Heracleum, sphondylium,hogweed,Heracleum sphondylium, FALSE,0,0,,0,,,6.2,,0,,,,,,,,,,,,,67,,,,,,
plantae,herb,Hieracium, aurantiacum,orange hawk bit,Hieracium aurantiacum, FALSE,0,0,,0,,,1.9,,0,,,2496466.667,,,,,,,,,,"67,68",,,,,,
plantae,herb,Hieracium, vulgatum,common hawkweed,Hieracium vulgatum, FALSE,0,0,,0,,,1.07,,0,,,,,,,,,,,,,67,,,,,,
plantae,herb,Hypericum, perforatum,perforate st. john's-wort,Hypericum perforatum, FALSE,0,0,,0,,,0.72,,0,,,,,,,,,,,,,67,,,,,,
plantae,herb,Hypericum, tetrapterum,square stemmed st. john's-wort,Hypericum tetrapterum, FALSE,0,0,,0,,,0.23,,0,,,,,,,,,,,,,67,,,,,,
plantae,herb,Hypochoeris, radicata,catsear,Hypochoeris radicata, FALSE,0,0,,0,,,1900,,0,,,,,,,,,,,,,67,,,,,,
plantae,herb,Inula, britannica,meadow fleabane,Inula britannica, FALSE,0,0,,0,,,19.26,,0,,,,,,,,,,,,,67,,,,,,
plantae,herb,Jasione, montana,sheep's bit,Jasione montana, FALSE,0,0,,0,,,0.67,,0,,,,,,,,,,,,,67,,,,,,
plantae,herb,Lactuca, serriola,milk thistle,Lactuca serriola, FALSE,0,0,,0,,,6.81,,0,,,,,,,,,,,,,67,,,,,,
plantae,herb,Leucanthemum, vulgare,oxeye daisy,Leucanthemum vulgare, FALSE,0,0,,0,,,0.42,,0,,,,,,,,,,,,,67,,,,,,
plantae,herb,Linaria, vulgaris,common toadflax,Linaria vulgaris, FALSE,0,0,,0,,,1.37,,0,,,,,,,,,,,,,67,,,,,,
plantae,herb,Linum, catharticum,fairy flax,Linum catharticum, FALSE,0,0,,0,,,0.63,,0,,,,,,,,,,,,,67,,,,,,
plantae,herb,Lythrum, salicaria,purple loosestrife,Lythrum salicaria, FALSE,0,0,,0,,,1.01,,0,,,,,,,,,,,,,67,,,,,,
plantae,herb,Matricaria, matricarioides,pineapple weed,Matricaria matricarioides, FALSE,0,0,,0,,,0.13,,0,,,,,,,,,,,,,67,,,,,,
plantae,herb,Melilotus, officinalis,common melilot,Melilotus officinalis, FALSE,0,0,,0,,,0.24,,0,,,,,,,,,,,,,67,,,,,,
plantae,herb,Mercurialis, annua,annual mercury,Mercurialis annua, FALSE,0,0,,0,,,14,,0,,,,,,,,,,,,,67,,,,,,
plantae,herb,Mercurialis, perennis,dog's mercury,Mercurialis perennis, TRUE,1,1,,0,,,4,,0,,,,,,,,,,,,,67,,,,,,
plantae,herb,mercurialis,annua,annual mercury,mercurialis annua, FALSE,0,0,,0,,,1.35,,0,,,159.155,,,,,,,,,,68,,,,,,
plantae,herb,Myosotis, arvensis,field forget-me-not,Myosotis arvensis, FALSE,0,0,,0,,,0.19,,0,,,,,,,,,,,,,67,,,,,,
plantae,herb,Myosotis, scorpioides,water forget-me-not,Myosotis scorpioides, FALSE,0,0,,0,,,0.12,,0,,,,,,,,,,,,,67,,,,,,
plantae,herb,Myrrhis, odorata,sweet chervil,Myrrhis odorata, FALSE,0,0,,0,,,2,,0,,,,,,,,,,,,,67,,,,,,
plantae,herb,Nepeta, cataria,catnip,Nepeta cataria, FALSE,0,0,,0,,,0.31,,0,,,,,,,,,,,,,67,,,,,,
plantae,herb,Odontites, vernus,red bartsia,Odontites vernus, FALSE,0,0,,0,,,0.26,,0,,,,,,,,,,,,,67,,,,,,
plantae,herb,Oenothera, biennis,common evening-primrose,Oenothera biennis, FALSE,0,0,,0,,,5,,0,,,,,,,,,,,,,67,,,,,,
plantae,herb,Onopordum, acanthium,cotton thistle,Onopordum acanthium, FALSE,0,0,,0,,,0.54,,0,,,,,,,,,,,,,67,,,,,,
plantae,herb,Oxalis, acetosella,wood sorrel,Oxalis acetosella, TRUE,1,1,,0,,,4.52,,0,,,,,,,,,,,,,67,,,,,,
plantae,herb,Papaver, rhoeas,common poppy,Papaver rhoeas, FALSE,0,0,,0,,,0.5,,0,,,,,,,,,,,,,67,,,,,,
plantae,herb,Pastinaca, sativa,parsnip,Pastinaca sativa, FALSE,0,0,,0,,,13.9,,0,,,,,,,,,,,,,67,,,,,,
plantae,herb,Plantago, major,broadleaf plantain,Plantago major, FALSE,0,0,,0,,,38,,0,,,,,,,,,,,,,67,,,,,,
plantae,herb,Polygala, vulgaris,common milkwort,Polygala vulgaris, FALSE,0,0,,0,,,240,,0,,,,,,,,,,,,,67,,,,,,
plantae,herb,Potentilla, reptans,creeping cinquefoil,Potentilla reptans, FALSE,0,0,,0,,,7,,0,,,,,,,,,,,,,67,,,,,,
plantae,herb,Primula, elatior,oxlip,Primula elatior, TRUE,1,1,,0,,,0.12,,0,,,,,,,,,,,,,67,,,,,,
plantae,herb,Primula, veris,cowslip,Primula veris, TRUE,1,0,,0,,,0.12,,0,,,,,,,,,,,,,67,,,,,,
plantae,herb,Pulicaria, dysenterica,common fleabane,Pulicaria dysenterica, FALSE,0,0,,0,,,6.91,,0,,,,,,,,,,,,,67,,,,,,
plantae,herb,Ranunculus, acris,meadow buttercup,Ranunculus acris, FALSE,0,0,,0,,,300,,0,,,,,,,,,,,,,67,,,,,,
plantae,herb,Raphanus, raphanistrum,wild raddish,Raphanus raphanistrum, FALSE,0,0,,0,,,0.15,,0,,,,,,,,,,,,,67,,,,,,
plantae,herb,rhinanthus,minor,yellow rattle,rhinanthus minor, FALSE,0,0,,0,,,19.1,,0,,,844.86011,,,,,,,,,,68,,,,,,
plantae,herb,Rumex, acetosa,common sorrel,Rumex acetosa, FALSE,0,0,,0,,,0.99,,0,,,,,,,,,,,,,67,,,,,,
plantae,herb,Rumex, hydrolapathum,water dock,Rumex hydrolapathum, FALSE,0,0,,0,,,0.68,,0,,,,,,,,,,,,,67,,,,,,
plantae,herb,Rumex, obtusifolius,broad-leaved dock,Rumex obtusifolius, FALSE,0,0,,0,,,2.48,,0,,,,,,,,,,,,,67,,,,,,
plantae,herb,Sanguisorba, minor,salad burnet,Sanguisorba minor, FALSE,0,0,,0,,,0.17,,0,,,,,,,,,,,,,67,,,,,,
plantae,herb,Scrophularia, nodosa,figwort,Scrophularia nodosa, FALSE,1,0,,0,,,0.91,,0,,,,,,,,,,,,,67,,,,,,
plantae,herb,Senecio, jacobaea,ragwort,Senecio jacobaea, FALSE,0,0,,0,,,14,,0,,,1890.4,,,,,,,,,,"67,68",,,,,,
plantae,herb,Senecio, vulgaris,groundsel,Senecio vulgaris, FALSE,0,0,,0,,,1200,,0,,,,,,,,,,,,,67,,,,,,
plantae,herb,Silene, dioica,red campion,Silene dioica, FALSE,1,0,,0,,,0.5,,0,,,,,,,,,,,,,67,,,,,,
plantae,herb,Silene, flos-cuculi,ragged-robin,Silene flos-cuculi, FALSE,1,0,,0,,,0.37,,0,,,,,,,,,,,,,67,,,,,,
plantae,herb,Silene, latifolia subsp. alba,white campion,Silene latifolia subsp. alba, FALSE,0,0,,0,,,0.57,,0,,,,,,,,,,,,,67,,,,,,
plantae,herb,Solidago, altissima,canada goldenrod,Solidago altissima, FALSE,0,0,,0,,,14.9,,0,,,,,,,,,,,,,67,,,,,,
plantae,herb,Sonchus, oleraceus,common sowthistle,Sonchus oleraceus, FALSE,0,0,,,,,13.28,,0,,,,,,,,,,,,,67,,,,,,
plantae,herb,Stellaria, graminea,common starwort,Stellaria graminea, FALSE,0,0,,,,,0.25,,0,,,,,,,,,,,,,67,,,,,,
plantae,herb,Stellaria, media,common chickweed,Stellaria media, FALSE,0,0,,,,,0.32,,0,,,,,,,,,,,,,67,,,,,,
plantae,herb,Tanacetum, vulgare,common tansy,Tanacetum vulgare, FALSE,0,0,,,,,2.4,,0,,,,,,,,,,,,,67,,,,,,
plantae,herb,Taraxacum, officinale,dandelion,Taraxacum officinale, FALSE,0,0,,,,,620,,0,,,,,,,,,,,,,67,,,,,,
plantae,herb,Tragopogon, pratensis,meadow salsify,Tragopogon pratensis, FALSE,0,0,,,,,1900,,0,,,,,,,,,,,,,67,,,,,,
plantae,herb,Trifolium, arvense,hare's-foot clover,Trifolium arvense, FALSE,0,0,,,,,0.75,,0,,,,,,,,,,,,,67,,,,,,
plantae,herb,Tussilago, farfara,coltsfoot,Tussilago farfara, FALSE,0,0,,,,,4000,,0,,,,,,,,,,,,,67,,,,,,
plantae,herb,Verbascum, thapsus,great mullein,Verbascum thapsus, FALSE,0,0,,,,,13,,0,,,,,,,,,,,,,67,,,,,,
plantae,herb,Viola, arvensis,field pansy,Viola arvensis, FALSE,0,0,,,,,2.4,,0,,,,,,,,,,,,,67,,,,,,
plantae,herb,Viola, canina,heath dog-violet,Viola canina, FALSE,0,0,,,,,4.7,,0,,,,,,,,,,,,,67,,,,,,
plantae,herb,Viola, cucullata,purple violet,Viola cucullata, FALSE,0,0,,,,,2.1,,0,,,,,,,,,,,,,67,,,,,,
plantae,herb,Viola, odorata,wood violet,Viola odorata, FALSE,1,0,,,,,70,,0,,,,,,,,,,,,,67,,,,,,
plantae,herb,Viola, riviniana,common dog-violet,Viola riviniana, FALSE,1,1,,,,,4.6,,0,,,,,,,,,,,,,67,,,,,,
plantae,herb,Rubus, idaeus,raspberry,Rubus idaeus, TRUE,0,0,,,,,900,,0,,,,,,,,,,,,,67,,,,,,
plantae,graminoid,Typha, latifolia,bulrush,Typha latifolia, FALSE,1,1,,,,,5400,,0,,,,,,,,,,,,,67,,,,,,
plantae,graminoid,Agrostis, stolonifera,creeping bentgrass,Agrostis stolonifera, FALSE,0,0,,,,,61,,0,,,,,,,,,,,,,67,,,,,,
plantae,graminoid,Anthoxanthum, odoratum,sweet vernal grass,Anthoxanthum odoratum, FALSE,0,0,,,,,2,,0,,,,,,,,,,,,,67,,,,,,
plantae,graminoid,Bromus, sterilis,barren brome,Bromus sterilis, FALSE,0,0,,,,,20,,0,,,,,,,,,,,,,67,,,,,,
plantae,graminoid,Bromus,tectorum,drooping brome,Bromus tectorum, FALSE,0,0,,,,,17.5,,0,,,54.4,,,,,,,,,,68,,,,,,
plantae,graminoid,carex,pilulifera,pill sedge,carex pilulifera, FALSE,0,0,,,,,1.35,,0,,,95.49,,,,,,,,,,68,,,,,,
plantae,graminoid,Elymus, repens,couch grass,Elymus repens, FALSE,0,0,,,,,42.323,,0,,,,,,,,,,,,,67,,,,,,
plantae,graminoid,Holcus, lanatus,yorkshire fog,Holcus lanatus, FALSE,0,0,,,,,340,,0,,,,,,,,,,,,,67,,,,,,
plantae,graminoid,Juncus, bufonius,toad rush,Juncus bufonius, FALSE,0,0,,,,,100,,0,,,,,,,,,,,,,67,,,,,,
plantae,graminoid,Juncus, effusus,soft rush,Juncus effusus, FALSE,0,0,,,,,2.42,,0,,,,,,,,,,,,,67,,,,,,
plantae,graminoid,Luzula, campestris,field wood-rush,Luzula campestris, FALSE,0,0,,,,,0.07,,0,,,,,,,,,,,,,67,,,,,,
plantae,graminoid,Poa, nemoralis,wood bluegrass,Poa nemoralis, TRUE,1,1,,,,,50,,0,,,,,,,,,,,,,67,,,,,,
plantae,graminoid,Poa, pratensis,common meadow-grass,Poa pratensis, FALSE,,,,,,,25,,0,,,,,,,,,,,,,67,,,,,,
plantae,graminoid,Typha, angustifolia,lesser bulrush,Typha angustifolia, FALSE,,,,,,,2193.84,,0,,,,,,,,,,,,,67,,,,,,
plantae,tree,Acer, pseudoplatanus,sycamore,Acer pseudoplatanus, TRUE,1,1,,,,,5000,,0,,,,,,,,,,,,,67,,,,,,
plantae,tree,Carpinus, betulus,hornbeam,Carpinus betulus, TRUE,1,1,,,,,425.1182,,0,,,,,,,,,,,,,67,,,,,,
plantae,tree,Corylus, avellana,common hazel,Corylus avellana, TRUE,1,1,,,,,15000,,0,,,,,,,,,,,,,67,,,,,,
plantae,tree,crataegus,monogyna,common hawthorn,crataegus monogyna, TRUE,1,1,,,,,425,,0,,,90.54387,,,,,,,,,,68,,,,,,
plantae,tree,fagus,sylvatica,common beech,fagus sylvatica, TRUE,1,1,,,,,37.5,,0,,,38.501,,,,,,,,,,68,,,,,,
plantae,tree,Fraxinus, excelsior,ash,Fraxinus excelsior, TRUE,1,1,,,,,130,,0,,,,,,,,,,,,,67,,,,,,
plantae,tree,Ilex,aquifolium,holly,Ilex aquifolium, TRUE,1,1,,,,,425,,0,,,709.37233,,,,,,,,,,68,,,,,,
plantae,tree,Juglans, regia,walnut,Juglans regia, TRUE,1,1,,,,,200,,0,,,,,,,,,,,,,67,,,,,,
plantae,tree,Larix, decidua,larch,Larix decidua, TRUE,,,,,,,171.3956,,0,,,,,,,,,,,,,67,,,,,,
plantae,tree,Picea, abies,spruce,Picea abies, TRUE,,,,,,,1500,,0,,,,,,,,,,,,,67,,,,,,
plantae,tree,Pinus, sylvestris,scots pine,Pinus sylvestris, TRUE,1,1,,,,,2000,,0,,,,,,,,,,,,,67,,,,,,
plantae,tree,Prunus, avium,wild cherry,Prunus avium, TRUE,1,1,,,,,2220,,0,,,,,,,,,,,,,67,,,,,,
plantae,tree,Prunus, serotina,black cherry,Prunus serotina, TRUE,,,,,,,25,,0,,,,,,,,,,,,,67,,,,,,
plantae,tree,Pseudotsuga, menziesii,douglas fir,Pseudotsuga menziesii, TRUE,,,,,,,800,,0,,,,,,,,,,,,,67,,,,,,
plantae,tree,Quercus, petraea,sessile oak,Quercus petraea, TRUE,1,1,,,,,300,,0,,,,,,,,,,,,,67,,,,,,
plantae,tree,Quercus ,robor,english oak,Quercus robor, TRUE,1,1,,,,,12,,0,,,3.03391,,,,,,,,,,68,,,,,,
plantae,tree,Salix, alba,white willow,Salix alba, TRUE,1,1,,,,,6500,,0,,,,,,,,,,,,,67,,,,,,
plantae,tree,Tilia, cordata,small-leaved lime,Tilia cordata, TRUE,1,1,,,,,373.4918,,0,,,,,,,,,,,,,67,,,,,,
plantae,tree,Tilia, platyphyllos,large-leaved lime,Tilia platyphyllos, TRUE,1,1,,,,,339.0105,,0,,,,,,,,,,,,,67,,,,,,
plantae,tree,Ulmus, glabra,wych elm,Ulmus glabra, TRUE,1,1,,,,,350.5103,,0,,,,,,,,,,,,,67,,,,,,
plantae,tree,Ulmus, procera,english elm,Ulmus procera, TRUE,1,1,,,,,330,,0,,,,,,,,,,,,,67,,,,,,
